<?xml version="1.0" encoding="UTF-8"?>
<project-private xmlns="http://www.netbeans.org/ns/project-private/1">
    <editor-bookmarks xmlns="http://www.netbeans.org/ns/editor-bookmarks/2" lastBookmarkId="0"/>
    <open-files xmlns="http://www.netbeans.org/ns/projectui-open-files/2">
        <group>
            <file>file:/C:/Users/gulay/Documents/NetBeansProjects/prolabproje2.3/src/GirisEkrani.java</file>
            <file>file:/C:/Users/gulay/Documents/NetBeansProjects/prolabproje2.3/src/KullaniciCalmaListesi.java</file>
            <file>file:/C:/Users/gulay/Documents/NetBeansProjects/prolabproje2.3/src/Sql.java</file>
            <file>file:/C:/Users/gulay/Documents/NetBeansProjects/prolabproje2.3/src/Kullanicilar.java</file>
            <file>file:/C:/Users/gulay/Documents/NetBeansProjects/prolabproje2.3/src/Sarkilar.java</file>
            <file>file:/C:/Users/gulay/Documents/NetBeansProjects/prolabproje2.3/src/AdminEkrani.java</file>
            <file>file:/C:/Users/gulay/Documents/NetBeansProjects/prolabproje2.3/src/KullaniciEkrani.java</file>
        </group>
    </open-files>
</project-private>
